cpu,mean,std,min,max,count
BlazeFace,21.92739486694336,3.0787252807671908,20.14780044555664,38.698673248291016,100
